{
    "playerData": {
        "Position": {
            "x": 0.6298176050186157,
            "y": 0.00010502338409423828,
            "z": -28.36675262451172
        },
        "Health": 100.0,
        "EquippedWeaponIndex": 2,
        "CurrentAmmoInMagazine": [
            3,
            15
        ]
    },
    "enemyData": [
        {
            "Position": {
                "x": 21.197282791137697,
                "y": 0.06560516357421875,
                "z": 19.66071128845215
            },
            "Health": 100.0
        },
        {
            "Position": {
                "x": -17.085878372192384,
                "y": 0.06560516357421875,
                "z": -12.180961608886719
            },
            "Health": 100.0
        }
    ]
}