{
    "playerData": {
        "Position": {
            "x": -1.1374160051345826,
            "y": 0.00010502338409423828,
            "z": 1.4079307317733765
        },
        "Health": 0.0,
        "EquippedWeaponName": "",
        "CurrentAmmoInMagazine": 0
    }
}