{
    "playerData": {
        "Position": {
            "x": 5.818780422210693,
            "y": 0.00010499358177185059,
            "z": -42.003662109375
        },
        "Health": 100.0,
        "EquippedWeaponIndex": 0,
        "CurrentAmmoInMagazine": [
            5,
            21
        ]
    },
    "enemyData": [
        {
            "Position": {
                "x": 34.72341537475586,
                "y": 0.06560516357421875,
                "z": -2.147097110748291
            },
            "Health": 100.0
        },
        {
            "Position": {
                "x": 41.049861907958987,
                "y": 0.06560516357421875,
                "z": -4.914000511169434
            },
            "Health": 100.0
        },
        {
            "Position": {
                "x": -14.981224060058594,
                "y": 0.06560516357421875,
                "z": -0.3460201025009155
            },
            "Health": 100.0
        },
        {
            "Position": {
                "x": 24.313230514526368,
                "y": 0.06560516357421875,
                "z": 12.697021484375
            },
            "Health": 100.0
        }
    ]
}