{
    "playerData": {
        "Position": {
            "x": 31.72919273376465,
            "y": 0.00010499358177185059,
            "z": -24.390886306762697
        },
        "Health": 100.0,
        "EquippedWeaponName": "",
        "CurrentAmmoInMagazine": 0
    }
}